AccountID,RewardPoints,Email,Address,NAME,numChildren,Citizenship,TSA-PreCheck,SSN,CreditCard,CCExpirationDate,CCSecurityCode,Birthdate,Password
1,8872,curtis98@hotmail.com,"17750 Anthony Ville, Lake Maxwelltown, GA 12104",Jonathan Harper,3,Paraguay,TRUE,700-43-8370,4477433749401420,46376,922,13122,a
2,6097,charles00@hotmail.com,"297 Warren Coves Apt. 992, New Andreachester, RI 80820",Shane Duran,0,Belize,FALSE,241-81-5426,6011680056062580,46885,525,25247,b
3,2635,robertstony@yahoo.com,"5489 Juan Stravenue Suite 905, Roybury, KY 15795",Christopher Watts,2,Andorra,TRUE,295-17-7418,4685916886113770,45923,657,21508,c
4,8554,ernest10@yahoo.com,"8302 Peter Circle Apt. 023, Tiffanyside, MS 86556",Sara Jones,2,South Africa,TRUE,413-29-7108,3599175917471790,46398,953,14264,d
5,7414,teresa74@hotmail.com,"611 Alexander Haven, West Wayne, NC 58225",Carolyn Blake,4,Nepal,TRUE,635-38-2531,3567666920089520,47084,698,37264,e
6,1299,miranda09@ross-hunter.com,"5234 Deborah Way, Greenport, PA 77122",Nicole Conway,5,Vietnam,TRUE,030-15-2743,6505374943169360,47155,436,27971,f
7,8218,bondsamuel@yahoo.com,"24767 Joseph Motorway, New Markfurt, AR 59177",Thomas Russell,4,Korea,FALSE,422-26-0845,5038462345674356,47045,504,15042,g
8,1589,vcooke@yahoo.com,"Unit 0251 Box 9746, DPO AP 67943",Jessica York,3,Brazil,TRUE,377-52-4992,3530377647590110,46116,062,14096,h
9,4943,cassandra89@yahoo.com,"421 Matthew Drives Suite 055, Lake Jessicafurt, CT 16192",Jonathan Castillo,3,Mexico,FALSE,407-73-8667,4334356784619841,46092,247,25253,i
10,4178,nancylittle@gmail.com,"Unit 2241 Box 1537, DPO AP 89847",Monica Mcdonald,0,Angola,TRUE,566-42-1086,5862076749169847,46984,466,21683,j
11,6754,shawnparker@james.com,"7047 Morgan Cape, North Raymond, CT 65805",Teresa Schmidt,3,Liechtenstein,FALSE,177-57-6054,3411182456375624,47144,809,13215,k
12,7017,elizabethmack@christensen.com,"43042 Daniel Pine Apt. 563, Richardshire, MO 22402",Erin Fernandez,5,India,TRUE,769-29-4011,37702835673567,47059,849,14343,l
13,8269,brian52@gmail.com,"5806 Roberts Park, Manuelshire, CT 30109",Donald Grant,0,Sao Tome and Principe,TRUE,468-57-4826,4936582346356855,46572,145,33720,m
14,7103,kathleen54@burton-hughes.com,"742 Wilkerson Run, Bennetttown, PA 80913",Andrea Smith,2,Samoa,FALSE,281-87-0493,4530167245623456,46774,169,19946,n
15,5357,richard20@yahoo.com,"552 Karen Land Suite 540, West Jeffery, LA 05760",Robert Brown,3,Solomon Islands,TRUE,816-91-2580,4434535498465111,46928,020,36096,o
16,6149,thomas04@anderson.com,"823 Wendy Mews Apt. 309, Elizabethberg, AR 61921",Kevin Allison,1,Liechtenstein,FALSE,699-47-1195,428955549849165,46089,927,27532,p
17,5467,natasha22@yahoo.com,"296 Martin Fort Suite 140, Rhondaland, SC 81091",Victoria Velez,4,Samoa,FALSE,490-75-0170,3540199741774230,47117,454,21447,q
18,9447,huangmark@jenkins-chavez.com,"675 Maria Lights, East Elizabethburgh, ID 81725",Dustin Lara,1,Egypt,TRUE,630-30-6789,60447580436,46371,922,37993,r
19,9649,nicholaseverett@yahoo.com,"926 Bell Mountain, New Megan, IN 89538",Emily Ross,3,Iceland,FALSE,297-96-8539,4922026483526,45785,727,13983,s
20,6753,sean25@williams-page.com,"7430 Simpson Causeway, Cookhaven, AZ 25299",Jean Obrien,3,Canada,TRUE,636-94-1293,6762436894984,45914,479,23923,t
